{"train/reward_std":0,"train/rewards/format_reward":0,"train/epoch":0.25012506253126565,"_timestamp":1.7492436154400504e+09,"train/grad_norm":0.16174013912677765,"train_runtime":27317.8532,"train_steps_per_second":0.018,"train/loss":0.0026,"train/learning_rate":2e-09,"train/rewards/accuracy_reward":1,"train/completion_length":27.234375,"train/global_step":500,"_step":500,"train/kl":0.0645751953125,"train_samples_per_second":0.293,"_runtime":27316.887920638,"_wandb":{"runtime":27340},"train/reward":1,"total_flos":0,"train_loss":0.003473919567477424}