{"train/rewards/format_reward":0.2906250059604645,"total_flos":0,"train/loss":0.0024,"train/epoch":0.25012506253126565,"train/learning_rate":2e-09,"_step":500,"train_steps_per_second":0.018,"train/completion_length":27.3984375,"train_loss":0.004935126568831038,"train/reward":1.251562476158142,"train/reward_std":0.0877952016890049,"train/kl":0.0595703125,"train/global_step":500,"train_runtime":27444.3408,"train_samples_per_second":0.291,"_runtime":27443.380248493,"_timestamp":1.749307578854172e+09,"train/grad_norm":2.1598377227783203,"_wandb":{"runtime":27468},"train/rewards/accuracy_reward":0.9609375}