{"train/reward":0.026022305712103844,"train/global_step":20,"_wandb":{"runtime":579},"train/rewards/format_reward":0.026022305712103844,"train/kl":0.328125,"_timestamp":1.7497119744183207e+09,"train/grad_norm":4.022395133972168,"train/rewards/accuracy_reward":0,"_step":19,"train/epoch":20,"_runtime":573.728823257,"train/learning_rate":9.81e-07,"train/reward_std":0.013521171174943447,"train/loss":0.0046,"train/completion_length":8}