{"_wandb":{"runtime":845},"train/epoch":0.007503751875937969,"train/grad_norm":7.102231979370117,"train/kl":0.0888671875,"train/loss":0.0036,"_step":14,"train/rewards/accuracy_reward":0.6953125,"_runtime":809.312298889,"train/reward":0.6953125,"train/rewards/format_reward":0,"_timestamp":1.7492161662670445e+09,"train/reward_std":0.1990984082221985,"train/completion_length":11.5546875,"train/global_step":15,"train/learning_rate":9.72e-07}