{"train/learning_rate":9.84e-07,"train/global_step":9,"train/grad_norm":4.262746810913086,"train/loss":0.0011,"train/reward_std":0.2501322776079178,"train/rewards/accuracy_reward":0.7265625,"train/completion_length":21.4140625,"_runtime":489.83095419,"_timestamp":1.7492152681210206e+09,"_step":8,"_wandb":{"runtime":498},"train/reward":0.7265625,"train/epoch":0.004502251125562781,"train/kl":0.02789306640625,"train/rewards/format_reward":0}