{"train/global_step":2,"train/grad_norm":9.239697456359863,"train/rewards/accuracy_reward":0.53125,"_timestamp":1.7492145698275921e+09,"train/kl":0.009857177734375,"train/reward":0.53125,"train/completion_length":25.53125,"_runtime":112.451969672,"_step":1,"_wandb":{"runtime":158},"train/learning_rate":9.98e-07,"train/reward_std":0.3582531809806824,"train/rewards/format_reward":0,"train/epoch":0.0010005002501250625,"train/loss":0.0004}