{"_timestamp":1.7497261055863178e+09,"train/epoch":0.25012506253126565,"train/reward_std":0.0578637570142746,"total_flos":0,"train_steps_per_second":0.058,"train/learning_rate":2e-09,"_runtime":8606.082069496,"_wandb":{"runtime":8630},"_step":500,"train/completion_length":8.953125,"train_loss":0.007205349569325335,"train/loss":0.008,"train/grad_norm":5.996159076690674,"train_runtime":8607.0376,"train/global_step":500,"train_samples_per_second":0.929,"train/rewards/accuracy_reward":0.96875,"train/rewards/format_reward":1,"train/kl":0.19873046875,"train/reward":1.96875}